﻿<?xml version="1.0" encoding="utf-8"?>
<ArrayOfElement xmlns:xsi="http://www.w3.org/2001/XMLSchema-instance" xmlns:xsd="http://www.w3.org/2001/XMLSchema">
  <Element Name="Record" Category="Records">
    <IsAbstract>true</IsAbstract>
    <IsValueNode>false</IsValueNode>
    <HasChild>true</HasChild>
    <Members />
  </Element>
  <Element Name="BOF" Parent="Record" Category="Records">
    <IsAbstract>false</IsAbstract>
    <IsValueNode>false</IsValueNode>
    <HasChild>false</HasChild>
    <Members>
      <Member Name="BIFFversion" Type="UInt16" Group="Field" />
      <Member Name="StreamType" Type="UInt16" Group="Field" />
      <Member Name="BuildID" Type="UInt16" Group="Field" />
      <Member Name="BuildYear" Type="UInt16" Group="Field" />
      <Member Name="FileHistoryFlags" Type="UInt32" Group="Field" />
      <Member Name="RequiredExcelVersion" Type="UInt32" Group="Field">
        <Summary>Lowest Excel version that can read all records in this file</Summary>
      </Member>
    </Members>
  </Element>
  <Element Name="ARRAY" Parent="Record" Category="Records">
    <IsAbstract>false</IsAbstract>
    <IsValueNode>false</IsValueNode>
    <HasChild>false</HasChild>
    <Members />
  </Element>
  <Element Name="BACKUP" Parent="Record" Category="Records">
    <IsAbstract>false</IsAbstract>
    <IsValueNode>false</IsValueNode>
    <HasChild>false</HasChild>
    <Members>
      <Member Name="CreateBackupOnSaving" Type="UInt16" Group="Field">
        <Summary>whether Excel makes a backup of the file while saving</Summary>
      </Member>
    </Members>
  </Element>
  <Element Name="BLANK" Parent="Record" Category="Records">
    <IsAbstract>false</IsAbstract>
    <IsValueNode>false</IsValueNode>
    <HasChild>false</HasChild>
    <Members>
      <Member Name="RowIndex" Type="UInt16" Group="Field" />
      <Member Name="ColIndex" Type="UInt16" Group="Field" />
      <Member Name="XFIndex" Type="UInt16" Group="Field" />
    </Members>
  </Element>
  <Element Name="BOOKBOOL" Parent="Record" Category="Records">
    <IsAbstract>false</IsAbstract>
    <IsValueNode>false</IsValueNode>
    <HasChild>false</HasChild>
    <Members>
      <Member Name="NotSaveExternalLinkedValues" Type="UInt16" Group="Field">
        <Summary>0 = Save external linked values; 1 = Do not save external linked values</Summary>
      </Member>
    </Members>
  </Element>
  <Element Name="BOTTOMMARGIN" Parent="Record" Category="Records">
    <IsAbstract>false</IsAbstract>
    <IsValueNode>false</IsValueNode>
    <HasChild>false</HasChild>
    <Members>
      <Member Name="Value" Type="Double" Group="Field">
        <Summary>Bottom page margin in inches (IEEE 754 floating-point value, 64-bit double precision)</Summary>
      </Member>
    </Members>
  </Element>
  <Element Name="BOUNDSHEET" Parent="Record" Category="Records">
    <IsAbstract>false</IsAbstract>
    <IsValueNode>false</IsValueNode>
    <HasChild>false</HasChild>
    <Members>
      <Member Name="StreamPosition" Type="UInt32" Group="Field">
        <Summary>Absolute stream position of the BOF record of the sheet represented by this record.</Summary>
      </Member>
      <Member Name="Visibility" Type="Byte" Group="Field">
        <Summary>00H = Visible, 01H = Hidden, 02H = Strong hidden</Summary>
      </Member>
      <Member Name="SheetType" Type="Byte" Group="Field">
        <Summary>00H = Worksheet, 02H = Chart, 06H = Visual Basic module</Summary>
      </Member>
      <Member Name="SheetName" FriendlyName="8" Type="String" Group="Field">
        <Summary>BIFF8: Unicode string, 8-bit string length</Summary>
      </Member>
    </Members>
  </Element>
  <Element Name="CALCCOUNT" Parent="Record" Category="Records">
    <IsAbstract>false</IsAbstract>
    <IsValueNode>false</IsValueNode>
    <HasChild>false</HasChild>
    <Members>
      <Member Name="Value" Type="UInt16" Group="Field">
        <Summary>Maximum number of iterations allowed in circular references</Summary>
      </Member>
    </Members>
  </Element>
  <Element Name="CALCMODE" Parent="Record" Category="Records">
    <IsAbstract>false</IsAbstract>
    <IsValueNode>false</IsValueNode>
    <HasChild>false</HasChild>
    <Members>
      <Member Name="Value" Type="UInt16" Group="Field">
        <Summary>whether to calculate formulas manually,automatically or automatically except for multiple table operations.</Summary>
      </Member>
    </Members>
  </Element>
  <Element Name="CODEPAGE" Parent="Record" Category="Records">
    <IsAbstract>false</IsAbstract>
    <IsValueNode>false</IsValueNode>
    <HasChild>false</HasChild>
    <Members>
      <Member Name="CodePageIdentifier" Type="UInt16" Group="Field">
        <Summary>text encoding used to write byte strings</Summary>
      </Member>
    </Members>
  </Element>
  <Element Name="DIMENSIONS" Parent="Record" Category="Records">
    <IsAbstract>false</IsAbstract>
    <IsValueNode>false</IsValueNode>
    <HasChild>false</HasChild>
    <Members>
      <Member Name="FirstRow" Type="Int32" Group="Field">
        <Summary>Index to first used row</Summary>
      </Member>
      <Member Name="LastRow" Type="Int32" Group="Field">
        <Summary>Index to last used row, increased by 1</Summary>
      </Member>
      <Member Name="FirstColumn" Type="Int16" Group="Field">
        <Summary>Index to first used column</Summary>
      </Member>
      <Member Name="LastColumn" Type="Int16" Group="Field">
        <Summary>Index to last used column, increased by 1</Summary>
      </Member>
      <Member Name="UnUsed" Type="Int16" Group="Field">
        <Summary>Not used</Summary>
      </Member>
    </Members>
  </Element>
  <Element Name="MULBLANK" Parent="Record" Category="Records">
    <IsAbstract>false</IsAbstract>
    <IsValueNode>false</IsValueNode>
    <HasChild>false</HasChild>
    <Members>
      <Member Name="RowIndex" Type="UInt16" Group="Field">
        <Summary>Index to row</Summary>
      </Member>
      <Member Name="FirstColIndex" Type="UInt16" Group="Field">
        <Summary>Index to first column (fc)</Summary>
      </Member>
      <Member Name="XFIndice" Type="UInt16" Group="Field">
        <Summary>List of nc=lc-fc+1 16-bit indexes to XF records</Summary>
      </Member>
      <Member Name="LastColIndex" Type="Int16" Group="Field">
        <Summary>Index to last column (lc)</Summary>
      </Member>
    </Members>
  </Element>
  <Element Name="MULRK" Parent="Record" Category="Records">
    <IsAbstract>false</IsAbstract>
    <IsValueNode>true</IsValueNode>
    <HasChild>false</HasChild>
    <Members>
      <Member Name="RowIndex" Type="UInt16" Group="Field">
        <Summary>Index to row</Summary>
      </Member>
      <Member Name="FirstColIndex" Type="UInt16" Group="Field">
        <Summary>Index to first column (fc)</Summary>
      </Member>
      <Member Name="XFRKList" Type="List&lt;UInt32&gt;" Group="Field">
        <Summary>List of nc=lc-fc+1 XF/RK structures.</Summary>
      </Member>
      <Member Name="LastColIndex" Type="Int16" Group="Field">
        <Summary>Index to last column (lc)</Summary>
      </Member>
    </Members>
  </Element>
  <Element Name="ROW" Parent="Record" Category="Records">
    <Summary>Index to column of the last cell which is described by a cell record, increased by 1</Summary>
    <ClientData />
    <IsAbstract>false</IsAbstract>
    <IsValueNode>false</IsValueNode>
    <HasChild>false</HasChild>
    <Members>
      <Member Name="RowIndex" FriendlyName="" Type="UInt16" Group="Field">
        <Summary>Index of this row</Summary>
      </Member>
      <Member Name="FirstColIndex" FriendlyName="" Type="UInt16" Group="Field">
        <Summary>Index to column of the first cell which is described by a cell record</Summary>
      </Member>
      <Member Name="LastColIndex" FriendlyName="" Type="UInt16" Group="Field">
        <Summary>Index to column of the last cell which is described by a cell record, increased by 1</Summary>
      </Member>
      <Member Name="RowHeight" FriendlyName="" Type="UInt16" Group="Field">
        <Summary />
      </Member>
      <Member Name="UnUsed" FriendlyName="" Type="UInt16" Group="Field">
        <Summary />
      </Member>
      <Member Name="UnUsed2" FriendlyName="" Type="UInt16" Group="Field">
        <Summary />
      </Member>
      <Member Name="Flags" FriendlyName="" Type="UInt32" Group="Field">
        <Summary>Option flags and default row formatting</Summary>
      </Member>
    </Members>
  </Element>
  <Element Name="RSTRING" Parent="Record" Category="Records">
    <IsAbstract>false</IsAbstract>
    <IsValueNode>false</IsValueNode>
    <HasChild>false</HasChild>
    <Members>
      <Member Name="FormattingRuns" FriendlyName="" Type="UInt32" Group="Field">
        <Summary>List of rt formatting runs</Summary>
      </Member>
    </Members>
  </Element>
  <Element Name="SST" Parent="Record" Category="Records">
    <IsAbstract>false</IsAbstract>
    <IsValueNode>true</IsValueNode>
    <HasChild>false</HasChild>
    <Members>
      <Member Name="TotalOccurance" Type="Int32" Group="Field">
        <Summary>Total number of strings in the workbook</Summary>
      </Member>
      <Member Name="NumStrings" Type="Int32" Group="Field">
        <Summary>Number of following strings (nm)</Summary>
      </Member>
      <Member Name="StringList" FriendlyName="16" Type="List&lt;String&gt;" Group="Field">
        <Summary>List of nm Unicode strings, 16-bit string length</Summary>
      </Member>
    </Members>
  </Element>
  <Element Name="CONTINUE" Parent="Record" Category="Records">
    <IsAbstract>false</IsAbstract>
    <IsValueNode>false</IsValueNode>
    <HasChild>false</HasChild>
    <Members />
  </Element>
  <Element Name="FORMULA" Parent="Record" Category="Records">
    <Summary />
    <ClientData />
    <IsAbstract>false</IsAbstract>
    <IsValueNode>false</IsValueNode>
    <HasChild>false</HasChild>
    <Members>
      <Member Name="RowIndex" FriendlyName="" Type="UInt16" Group="Field">
        <Summary />
      </Member>
      <Member Name="ColIndex" FriendlyName="" Type="UInt16" Group="Field">
        <Summary />
      </Member>
      <Member Name="XFIndex" FriendlyName="" Type="UInt16" Group="Field">
        <Summary />
      </Member>
      <Member Name="Result" FriendlyName="" Type="UInt64" Group="Field">
        <Summary>Result of the formula.</Summary>
      </Member>
      <Member Name="OptionFlags" FriendlyName="" Type="UInt16" Group="Field">
        <Summary />
      </Member>
      <Member Name="Unused" FriendlyName="" Type="UInt32" Group="Field">
        <Summary />
      </Member>
      <Member Name="FormulaData" FriendlyName="" Type="Byte[]" Group="Field">
        <Summary>Formula data (RPN token array)</Summary>
      </Member>
    </Members>
  </Element>
  <Element Name="XF" Parent="Record" Category="Records">
    <IsAbstract>false</IsAbstract>
    <IsValueNode>false</IsValueNode>
    <HasChild>false</HasChild>
    <Members>
      <Member Name="FontIndex" Type="UInt16" Group="Field" />
      <Member Name="FormatIndex" Type="UInt16" Group="Field" />
      <Member Name="CellProtection" Type="UInt16" Group="Field" />
      <Member Name="Alignment" Type="Byte" Group="Field" />
      <Member Name="Rotation" Type="Byte" Group="Field" />
      <Member Name="Indent" Type="Byte" Group="Field" />
      <Member Name="Attributes" Type="Byte" Group="Field" />
      <Member Name="LineStyle" Type="UInt32" Group="Field" />
      <Member Name="LineColor" Type="UInt32" Group="Field" />
      <Member Name="Background" Type="UInt16" Group="Field" />
    </Members>
  </Element>
  <Element Name="PALETTE" Parent="Record" Category="Records">
    <IsAbstract>false</IsAbstract>
    <IsValueNode>true</IsValueNode>
    <HasChild>false</HasChild>
    <Members>
      <Member Name="NumColors" Type="UInt16" Group="Field">
        <Summary>Number of following colours (nm).</Summary>
      </Member>
      <Member Name="RGBColours" Type="List&lt;Int32&gt;" Group="Field">
        <Summary>List of nm RGB colours</Summary>
      </Member>
    </Members>
  </Element>
  <Element Name="BITMAP" Parent="Record" Category="Records">
    <IsAbstract>false</IsAbstract>
    <IsValueNode>false</IsValueNode>
    <HasChild>false</HasChild>
    <Members />
  </Element>
  <Element Name="OBJ" Parent="Record" Category="Records">
    <IsAbstract>false</IsAbstract>
    <IsValueNode>false</IsValueNode>
    <HasChild>false</HasChild>
    <Members />
  </Element>
  <Element Name="DATEMODE" Parent="Record" Category="Records">
    <IsAbstract>false</IsAbstract>
    <IsValueNode>false</IsValueNode>
    <HasChild>false</HasChild>
    <Members>
      <Member Name="Mode" Type="Int16" Group="Field">
        <Summary>0 = Base date is 1899-Dec-31; 1 = Base date is 1904-Jan-01</Summary>
      </Member>
    </Members>
  </Element>
  <Element Name="MSOCONTAINER" Parent="Record" Category="Records">
    <Summary />
    <ClientData />
    <IsAbstract>true</IsAbstract>
    <IsValueNode>false</IsValueNode>
    <HasChild>true</HasChild>
    <Members />
  </Element>
  <Element Name="MSODRAWINGGROUP" Parent="MSOCONTAINER" Category="Records">
    <Summary />
    <ClientData />
    <IsAbstract>false</IsAbstract>
    <IsValueNode>false</IsValueNode>
    <HasChild>false</HasChild>
    <Members />
  </Element>
  <Element Name="MSODRAWING" Parent="MSOCONTAINER" Category="Records">
    <Summary />
    <ClientData />
    <IsAbstract>false</IsAbstract>
    <IsValueNode>false</IsValueNode>
    <HasChild>false</HasChild>
    <Members />
  </Element>
  <Element Name="MSODRAWINGSELECTION" Parent="MSOCONTAINER" Category="Records">
    <Summary />
    <ClientData />
    <IsAbstract>false</IsAbstract>
    <IsValueNode>false</IsValueNode>
    <HasChild>false</HasChild>
    <Members />
  </Element>
  <Element Name="STRING" Parent="Record" Category="Records">
    <Summary>This record stores the result of a string formula. It occurs directly after a string formula.</Summary>
    <ClientData />
    <IsAbstract>false</IsAbstract>
    <IsValueNode>false</IsValueNode>
    <HasChild>false</HasChild>
    <Members>
      <Member Name="Value" FriendlyName="16" Type="String" Group="Field">
        <Summary>Non-empty Unicode string, 16-bit string length</Summary>
      </Member>
    </Members>
  </Element>
  <Element Name="EOF" Parent="Record" Category="Records">
    <Summary>Indicates the end of workbook globals, a worksheet, a chart, etc.</Summary>
    <ClientData />
    <IsAbstract>false</IsAbstract>
    <IsValueNode>false</IsValueNode>
    <HasChild>false</HasChild>
    <Members />
  </Element>
  <Element Name="CellValue" Parent="Record" Category="Records">
    <Summary />
    <ClientData />
    <IsAbstract>true</IsAbstract>
    <IsValueNode>false</IsValueNode>
    <HasChild>true</HasChild>
    <Members>
      <Member Name="RowIndex" FriendlyName="" Type="UInt16" Group="Field">
        <Summary>Index to row, 0-based row number</Summary>
      </Member>
      <Member Name="ColIndex" FriendlyName="" Type="UInt16" Group="Field">
        <Summary>Index to column, 0-based column number</Summary>
      </Member>
      <Member Name="XFIndex" FriendlyName="" Type="UInt16" Group="Field">
        <Summary>Index to XF record</Summary>
      </Member>
    </Members>
  </Element>
  <Element Name="BOOLERR" Parent="CellValue" Category="Records">
    <Summary />
    <ClientData />
    <IsAbstract>false</IsAbstract>
    <IsValueNode>false</IsValueNode>
    <HasChild>false</HasChild>
    <Members>
      <Member Name="Value" FriendlyName="" Type="Byte" Group="Field">
        <Summary>Boolean or error value (type depends on the following byte)</Summary>
      </Member>
      <Member Name="ValueType" FriendlyName="" Type="Byte" Group="Field">
        <Summary>0 = Boolean value; 1 = Error code</Summary>
      </Member>
    </Members>
  </Element>
  <Element Name="LABELSST" Parent="CellValue" Category="Records">
    <Summary />
    <ClientData />
    <IsAbstract>false</IsAbstract>
    <IsValueNode>false</IsValueNode>
    <HasChild>false</HasChild>
    <Members>
      <Member Name="SSTIndex" FriendlyName="" Type="Int32" Group="Field">
        <Summary>Index into SST record</Summary>
      </Member>
    </Members>
  </Element>
  <Element Name="NUMBER" Parent="CellValue" Category="Records">
    <Summary />
    <ClientData />
    <IsAbstract>false</IsAbstract>
    <IsValueNode>false</IsValueNode>
    <HasChild>false</HasChild>
    <Members>
      <Member Name="Value" FriendlyName="" Type="Double" Group="Field">
        <Summary>IEEE 754 floating-point value (64-bit double precision)</Summary>
      </Member>
    </Members>
  </Element>
  <Element Name="RK" Parent="CellValue" Category="Records">
    <Summary />
    <ClientData />
    <IsAbstract>false</IsAbstract>
    <IsValueNode>false</IsValueNode>
    <HasChild>false</HasChild>
    <Members>
      <Member Name="Value" FriendlyName="" Type="UInt32" Group="Field">
        <Summary>RK value</Summary>
      </Member>
    </Members>
  </Element>
  <Element Name="DBCELL" Parent="Record" Category="Records">
    <Summary>contains relative offsets to calculate the stream position of the first cell
record for each row in each row block.</Summary>
    <ClientData />
    <IsAbstract>false</IsAbstract>
    <IsValueNode>false</IsValueNode>
    <HasChild>false</HasChild>
    <Members>
      <Member Name="FirstRowOffset" FriendlyName="" Type="UInt32" Group="Field">
        <Summary>Relative offset to first ROW record in the Row Block</Summary>
      </Member>
      <Member Name="FirstCellOffsets" FriendlyName="" Type="List&lt;UInt16&gt;" Group="Field">
        <Summary>relative offsets to calculate stream position of the first cell record for the respective row</Summary>
      </Member>
    </Members>
  </Element>
  <Element Name="EXTSST" Parent="Record" Category="Records">
    <Summary>This record occurs in conjunction with the SST record. 
Used to optimise string search operations.</Summary>
    <ClientData />
    <IsAbstract>false</IsAbstract>
    <IsValueNode>true</IsValueNode>
    <HasChild>false</HasChild>
    <Members>
      <Member Name="NumStrings" FriendlyName="" Type="UInt16" Group="Field">
        <Summary>Number of strings in a portion, this number is  &gt;=8</Summary>
      </Member>
      <Member Name="Offsets" FriendlyName="" Type="List&lt;StringOffset&gt;" Group="Field">
        <Summary>List of OFFSET structures for all portions. </Summary>
      </Member>
    </Members>
  </Element>
  <Element Name="WINDOW1" Parent="Record" Category="Records">
    <Summary>General   settings   for   the  document  window  and  global  workbook   settings</Summary>
    <ClientData />
    <IsAbstract>false</IsAbstract>
    <IsValueNode>false</IsValueNode>
    <HasChild>false</HasChild>
    <Members>
      <Member Name="HorizontalPosition" FriendlyName="" Type="UInt16" Group="Field">
        <Summary>Horizontal position of the document window in twips</Summary>
      </Member>
      <Member Name="VerticalPosition" FriendlyName="" Type="UInt16" Group="Field">
        <Summary>Vertical position of the document window in twips</Summary>
      </Member>
      <Member Name="WindowWidth" FriendlyName="" Type="UInt16" Group="Field">
        <Summary>Width of the document window in twips</Summary>
      </Member>
      <Member Name="WindowHeight" FriendlyName="" Type="UInt16" Group="Field">
        <Summary>Height of the document window in twips</Summary>
      </Member>
      <Member Name="OptionFlags" FriendlyName="" Type="UInt16" Group="Field">
        <Summary />
      </Member>
      <Member Name="ActiveWorksheet" FriendlyName="" Type="UInt16" Group="Field">
        <Summary>Index to active (displayed) worksheet</Summary>
      </Member>
      <Member Name="FirstVisibleTab" FriendlyName="" Type="UInt16" Group="Field">
        <Summary>Index of first visible tab in the worksheet tab bar</Summary>
      </Member>
      <Member Name="SelecteWorksheets" FriendlyName="" Type="UInt16" Group="Field">
        <Summary>Number of selected worksheets (highlighted in the worksheet tab bar)</Summary>
      </Member>
      <Member Name="TabBarWidth" FriendlyName="" Type="UInt16" Group="Field">
        <Summary>Width of worksheet tab bar (in 1/1000 of window width).
The remaining space is used by the horizontal scrollbar.</Summary>
      </Member>
    </Members>
  </Element>
  <Element Name="FORMAT" Parent="Record" Category="Records">
    <Summary>This record contains information about a number format. </Summary>
    <ClientData />
    <IsAbstract>false</IsAbstract>
    <IsValueNode>false</IsValueNode>
    <HasChild>false</HasChild>
    <Members>
      <Member Name="FormatIndex" FriendlyName="" Type="UInt16" Group="Field">
        <Summary>Format index used in other records</Summary>
      </Member>
      <Member Name="FormatString" FriendlyName="16" Type="String" Group="Field">
        <Summary>Number format string</Summary>
      </Member>
    </Members>
  </Element>
  <Element Name="FONT" Parent="Record" Category="Records">
    <Summary />
    <ClientData />
    <IsAbstract>false</IsAbstract>
    <IsValueNode>false</IsValueNode>
    <HasChild>false</HasChild>
    <Members>
      <Member Name="Height" FriendlyName="" Type="Int16" Group="Field">
        <Summary>Height of the font (in twips = 1/20 of a point)</Summary>
      </Member>
      <Member Name="OptionFlags" FriendlyName="" Type="UInt16" Group="Field">
        <Summary>Option flags</Summary>
      </Member>
      <Member Name="ColorIndex" FriendlyName="" Type="UInt16" Group="Field">
        <Summary>Colour index</Summary>
      </Member>
      <Member Name="Weight" FriendlyName="" Type="UInt16" Group="Field">
        <Summary>Font weight (100-1000). Standard values are 0190H (400) for normal text and 02BCH 
(700) for bold text.</Summary>
      </Member>
      <Member Name="Escapement" FriendlyName="" Type="UInt16" Group="Field">
        <Summary>Escapement type: 0000H = None
0001H = Superscript
0002H = Subscript</Summary>
      </Member>
      <Member Name="Underline" FriendlyName="" Type="Byte" Group="Field">
        <Summary>Underline type: 00H = None
01H = Single 21H = Single accounting
02H = Double 22H = Double accounting</Summary>
      </Member>
      <Member Name="Family" FriendlyName="" Type="Byte" Group="Field">
        <Summary>Font family: 00H = None (unknown or don't care)
01H = Roman (variable width, serifed)
02H = Swiss (variable width, sans-serifed)
03H = Modern (fixed width, serifed or sans-serifed)
04H = Script (cursive)
05H = Decorative (specialised, for example Old English, Fraktur)</Summary>
      </Member>
      <Member Name="CharacterSet" FriendlyName="" Type="Byte" Group="Field">
        <Summary>Character set (used by all cell records containing byte strings)</Summary>
      </Member>
      <Member Name="NotUsed" FriendlyName="" Type="Byte" Group="Field">
        <Summary />
      </Member>
      <Member Name="Name" FriendlyName="8" Type="String" Group="Field">
        <Summary>Font name</Summary>
      </Member>
    </Members>
  </Element>
  <Element Name="COLINFO" Parent="Record" Category="Records">
    <Summary>This record specifies the width and default cell formatting for a given range of columns.</Summary>
    <ClientData />
    <IsAbstract>false</IsAbstract>
    <IsValueNode>false</IsValueNode>
    <HasChild>false</HasChild>
    <Members>
      <Member Name="FirstColIndex" FriendlyName="" Type="UInt16" Group="Field">
        <Summary>Index to first column in the range</Summary>
      </Member>
      <Member Name="LastColIndex" FriendlyName="" Type="UInt16" Group="Field">
        <Summary>Index to last column in the range</Summary>
      </Member>
      <Member Name="Width" FriendlyName="" Type="UInt16" Group="Field">
        <Summary>Width of the columns in 1/256 of the width of the zero character, using default font (first 
FONT record in the file)</Summary>
      </Member>
      <Member Name="XFIndex" FriendlyName="" Type="UInt16" Group="Field">
        <Summary>Index to XF record for default column formatting</Summary>
      </Member>
      <Member Name="OptionFlags" FriendlyName="" Type="UInt16" Group="Field">
        <Summary>Option flags</Summary>
      </Member>
      <Member Name="NotUsed" FriendlyName="" Type="UInt16" Group="Field">
        <Summary>Not used</Summary>
      </Member>
    </Members>
  </Element>
  <Element Name="SubRecord" Category="SubRecords">
    <Summary />
    <ClientData />
    <IsAbstract>true</IsAbstract>
    <IsValueNode>false</IsValueNode>
    <HasChild>true</HasChild>
    <Members />
  </Element>
  <Element Name="CommonObjectData" Parent="SubRecord" Category="SubRecords">
    <IsAbstract>false</IsAbstract>
    <IsValueNode>false</IsValueNode>
    <HasChild>false</HasChild>
    <Members>
      <Member Name="ObjectType" Type="UInt16" Group="Field" />
      <Member Name="ObjectID" Type="UInt16" Group="Field" />
      <Member Name="OptionFlags" Type="UInt16" Group="Field" />
      <Member Name="Reserved1" Type="UInt32" Group="Field" />
      <Member Name="Reserved2" Type="UInt32" Group="Field" />
      <Member Name="Reserved3" Type="UInt32" Group="Field" />
    </Members>
  </Element>
  <Element Name="GroupMarker" Parent="SubRecord" Category="SubRecords">
    <IsAbstract>false</IsAbstract>
    <IsValueNode>false</IsValueNode>
    <HasChild>false</HasChild>
    <Members />
  </Element>
  <Element Name="End" Parent="SubRecord" Category="SubRecords">
    <IsAbstract>false</IsAbstract>
    <IsValueNode>false</IsValueNode>
    <HasChild>false</HasChild>
    <Members />
  </Element>
  <Element Name="EscherRecord" Category="EscherRecords">
    <IsAbstract>true</IsAbstract>
    <IsValueNode>false</IsValueNode>
    <HasChild>true</HasChild>
    <Members />
  </Element>
  <Element Name="MsofbtDgg" Parent="EscherRecord" Category="EscherRecords">
    <IsAbstract>false</IsAbstract>
    <IsValueNode>true</IsValueNode>
    <HasChild>false</HasChild>
    <Members>
      <Member Name="MaxShapeID" Type="Int32" Group="Field" />
      <Member Name="NumIDClusters" Type="Int32" Group="Field" />
      <Member Name="NumSavedShapes" Type="Int32" Group="Field" />
      <Member Name="NumSavedDrawings" Type="Int32" Group="Field" />
      <Member Name="IDClusters" Type="List&lt;Int64&gt;" Group="Field" />
    </Members>
  </Element>
  <Element Name="MsofbtBSE" Parent="EscherRecord" Category="EscherRecords">
    <IsAbstract>false</IsAbstract>
    <IsValueNode>true</IsValueNode>
    <HasChild>false</HasChild>
    <Members>
      <Member Name="BlipTypeWin32" FriendlyName="" Type="Byte" Group="Field">
        <Summary />
      </Member>
      <Member Name="BlipTypeMacOS" FriendlyName="" Type="Byte" Group="Field">
        <Summary />
      </Member>
      <Member Name="UID" FriendlyName="" Type="Guid" Group="Field">
        <Summary />
      </Member>
      <Member Name="Tag" FriendlyName="" Type="UInt16" Group="Field">
        <Summary />
      </Member>
      <Member Name="Size" FriendlyName="" Type="Int32" Group="Field">
        <Summary />
      </Member>
      <Member Name="Ref" FriendlyName="" Type="Int32" Group="Field">
        <Summary />
      </Member>
      <Member Name="Offset " FriendlyName="" Type="Int32" Group="Field">
        <Summary />
      </Member>
      <Member Name="Usage" FriendlyName="" Type="Byte" Group="Field">
        <Summary />
      </Member>
      <Member Name="NameLength" FriendlyName="" Type="Byte" Group="Field">
        <Summary />
      </Member>
      <Member Name="Unused2" FriendlyName="" Type="Byte" Group="Field">
        <Summary />
      </Member>
      <Member Name="Unused3" FriendlyName="" Type="Byte" Group="Field">
        <Summary />
      </Member>
      <Member Name="ExtraData" FriendlyName="" Type="Byte[]" Group="Field">
        <Summary />
      </Member>
    </Members>
  </Element>
  <Element Name="MsofbtDg" Parent="EscherRecord" Category="EscherRecords">
    <IsAbstract>false</IsAbstract>
    <IsValueNode>false</IsValueNode>
    <HasChild>false</HasChild>
    <Members>
      <Member Name="NumShapes" FriendlyName="" Type="Int32" Group="Field">
        <Summary />
      </Member>
      <Member Name="LastShapeID" FriendlyName="" Type="Int32" Group="Field">
        <Summary />
      </Member>
    </Members>
  </Element>
  <Element Name="MsofbtSpgr" Parent="EscherRecord" Category="EscherRecords">
    <IsAbstract>false</IsAbstract>
    <IsValueNode>false</IsValueNode>
    <HasChild>false</HasChild>
    <Members />
  </Element>
  <Element Name="MsofbtSp" Parent="EscherRecord" Category="EscherRecords">
    <IsAbstract>false</IsAbstract>
    <IsValueNode>false</IsValueNode>
    <HasChild>false</HasChild>
    <Members>
      <Member Name="ShapeId" FriendlyName="" Type="Int32" Group="Field">
        <Summary />
      </Member>
      <Member Name="Flags" FriendlyName="" Type="Int32" Group="Field">
        <Summary />
      </Member>
    </Members>
  </Element>
  <Element Name="MsofbtOPT" Parent="EscherRecord" Category="EscherRecords">
    <IsAbstract>false</IsAbstract>
    <IsValueNode>false</IsValueNode>
    <HasChild>false</HasChild>
    <Members />
  </Element>
  <Element Name="MsofbtTextbox" Parent="EscherRecord" Category="EscherRecords">
    <IsAbstract>false</IsAbstract>
    <IsValueNode>false</IsValueNode>
    <HasChild>false</HasChild>
    <Members />
  </Element>
  <Element Name="MsofbtClientTextbox" Parent="EscherRecord" Category="EscherRecords">
    <IsAbstract>false</IsAbstract>
    <IsValueNode>false</IsValueNode>
    <HasChild>false</HasChild>
    <Members />
  </Element>
  <Element Name="MsofbtAnchor" Parent="EscherRecord" Category="EscherRecords">
    <IsAbstract>false</IsAbstract>
    <IsValueNode>false</IsValueNode>
    <HasChild>false</HasChild>
    <Members />
  </Element>
  <Element Name="MsofbtChildAnchor" Parent="EscherRecord" Category="EscherRecords">
    <IsAbstract>false</IsAbstract>
    <IsValueNode>false</IsValueNode>
    <HasChild>false</HasChild>
    <Members />
  </Element>
  <Element Name="MsofbtClientAnchor" Parent="EscherRecord" Category="EscherRecords">
    <Summary />
    <ClientData />
    <IsAbstract>false</IsAbstract>
    <IsValueNode>false</IsValueNode>
    <HasChild>false</HasChild>
    <Members>
      <Member Name="Flag" FriendlyName="" Type="UInt16" Group="Field">
        <Summary />
      </Member>
      <Member Name="Col1" FriendlyName="" Type="UInt16" Group="Field">
        <Summary />
      </Member>
      <Member Name="DX1" FriendlyName="" Type="UInt16" Group="Field">
        <Summary />
      </Member>
      <Member Name="Row1" FriendlyName="" Type="UInt16" Group="Field">
        <Summary />
      </Member>
      <Member Name="DY1" FriendlyName="" Type="UInt16" Group="Field">
        <Summary />
      </Member>
      <Member Name="Col2" FriendlyName="" Type="UInt16" Group="Field">
        <Summary />
      </Member>
      <Member Name="DX2" FriendlyName="" Type="UInt16" Group="Field">
        <Summary />
      </Member>
      <Member Name="Row2" FriendlyName="" Type="UInt16" Group="Field">
        <Summary />
      </Member>
      <Member Name="DY2" FriendlyName="" Type="UInt16" Group="Field">
        <Summary />
      </Member>
      <Member Name="ExtraData" FriendlyName="" Type="Byte[]" Group="Field">
        <Summary />
      </Member>
    </Members>
  </Element>
  <Element Name="MsofbtClientData" Parent="EscherRecord" Category="EscherRecords">
    <IsAbstract>false</IsAbstract>
    <IsValueNode>false</IsValueNode>
    <HasChild>false</HasChild>
    <Members />
  </Element>
  <Element Name="MsofbtConnectorRule" Parent="EscherRecord" Category="EscherRecords">
    <IsAbstract>false</IsAbstract>
    <IsValueNode>false</IsValueNode>
    <HasChild>false</HasChild>
    <Members />
  </Element>
  <Element Name="MsofbtAlignRule" Parent="EscherRecord" Category="EscherRecords">
    <IsAbstract>false</IsAbstract>
    <IsValueNode>false</IsValueNode>
    <HasChild>false</HasChild>
    <Members />
  </Element>
  <Element Name="MsofbtArcRule" Parent="EscherRecord" Category="EscherRecords">
    <IsAbstract>false</IsAbstract>
    <IsValueNode>false</IsValueNode>
    <HasChild>false</HasChild>
    <Members />
  </Element>
  <Element Name="MsofbtClientRule" Parent="EscherRecord" Category="EscherRecords">
    <IsAbstract>false</IsAbstract>
    <IsValueNode>false</IsValueNode>
    <HasChild>false</HasChild>
    <Members />
  </Element>
  <Element Name="MsofbtCLSID" Parent="EscherRecord" Category="EscherRecords">
    <IsAbstract>false</IsAbstract>
    <IsValueNode>false</IsValueNode>
    <HasChild>false</HasChild>
    <Members />
  </Element>
  <Element Name="MsofbtCalloutRule" Parent="EscherRecord" Category="EscherRecords">
    <IsAbstract>false</IsAbstract>
    <IsValueNode>false</IsValueNode>
    <HasChild>false</HasChild>
    <Members />
  </Element>
  <Element Name="MsofbtRegroupItems" Parent="EscherRecord" Category="EscherRecords">
    <IsAbstract>false</IsAbstract>
    <IsValueNode>false</IsValueNode>
    <HasChild>false</HasChild>
    <Members />
  </Element>
  <Element Name="MsofbtSelection" Parent="EscherRecord" Category="EscherRecords">
    <IsAbstract>false</IsAbstract>
    <IsValueNode>false</IsValueNode>
    <HasChild>false</HasChild>
    <Members />
  </Element>
  <Element Name="MsofbtColorMRU" Parent="EscherRecord" Category="EscherRecords">
    <IsAbstract>false</IsAbstract>
    <IsValueNode>false</IsValueNode>
    <HasChild>false</HasChild>
    <Members />
  </Element>
  <Element Name="MsofbtDeletedPspl" Parent="EscherRecord" Category="EscherRecords">
    <IsAbstract>false</IsAbstract>
    <IsValueNode>false</IsValueNode>
    <HasChild>false</HasChild>
    <Members />
  </Element>
  <Element Name="MsofbtSplitMenuColors" Parent="EscherRecord" Category="EscherRecords">
    <IsAbstract>false</IsAbstract>
    <IsValueNode>false</IsValueNode>
    <HasChild>false</HasChild>
    <Members />
  </Element>
  <Element Name="MsofbtOleObject" Parent="EscherRecord" Category="EscherRecords">
    <IsAbstract>false</IsAbstract>
    <IsValueNode>false</IsValueNode>
    <HasChild>false</HasChild>
    <Members />
  </Element>
  <Element Name="MsofbtColorScheme" Parent="EscherRecord" Category="EscherRecords">
    <IsAbstract>false</IsAbstract>
    <IsValueNode>false</IsValueNode>
    <HasChild>false</HasChild>
    <Members />
  </Element>
  <Element Name="MsofbtContainer" Parent="EscherRecord" Category="EscherRecords">
    <Summary />
    <ClientData />
    <IsAbstract>true</IsAbstract>
    <IsValueNode>false</IsValueNode>
    <HasChild>true</HasChild>
    <Members />
  </Element>
  <Element Name="MsofbtDggContainer" Parent="MsofbtContainer" Category="EscherRecords">
    <Summary />
    <ClientData />
    <IsAbstract>false</IsAbstract>
    <IsValueNode>false</IsValueNode>
    <HasChild>false</HasChild>
    <Members />
  </Element>
  <Element Name="MsofbtDgContainer" Parent="MsofbtContainer" Category="EscherRecords">
    <Summary />
    <ClientData />
    <IsAbstract>false</IsAbstract>
    <IsValueNode>false</IsValueNode>
    <HasChild>false</HasChild>
    <Members />
  </Element>
  <Element Name="MsofbtBstoreContainer" Parent="MsofbtContainer" Category="EscherRecords">
    <Summary />
    <ClientData />
    <IsAbstract>false</IsAbstract>
    <IsValueNode>false</IsValueNode>
    <HasChild>false</HasChild>
    <Members />
  </Element>
  <Element Name="MsofbtSpgrContainer" Parent="MsofbtContainer" Category="EscherRecords">
    <Summary />
    <ClientData />
    <IsAbstract>false</IsAbstract>
    <IsValueNode>false</IsValueNode>
    <HasChild>false</HasChild>
    <Members />
  </Element>
  <Element Name="MsofbtSpContainer" Parent="MsofbtContainer" Category="EscherRecords">
    <Summary />
    <ClientData />
    <IsAbstract>false</IsAbstract>
    <IsValueNode>false</IsValueNode>
    <HasChild>false</HasChild>
    <Members />
  </Element>
  <Element Name="MsofbtSolverContainer" Parent="MsofbtContainer" Category="EscherRecords">
    <Summary />
    <ClientData />
    <IsAbstract>false</IsAbstract>
    <IsValueNode>false</IsValueNode>
    <HasChild>false</HasChild>
    <Members />
  </Element>
  <Element Name="MsofbtBlip" Parent="EscherRecord" Category="EscherRecords">
    <Summary />
    <ClientData />
    <IsAbstract>true</IsAbstract>
    <IsValueNode>false</IsValueNode>
    <HasChild>true</HasChild>
    <Members />
  </Element>
  <Element Name="MsofbtBlipStart" Parent="MsofbtBlip" Category="EscherRecords">
    <Summary />
    <ClientData />
    <IsAbstract>false</IsAbstract>
    <IsValueNode>false</IsValueNode>
    <HasChild>false</HasChild>
    <Members />
  </Element>
  <Element Name="MsofbtBlipBitmapPS" Parent="MsofbtBlip" Category="EscherRecords">
    <Summary />
    <ClientData />
    <IsAbstract>false</IsAbstract>
    <IsValueNode>false</IsValueNode>
    <HasChild>false</HasChild>
    <Members />
  </Element>
  <Element Name="MsofbtBlipBitmapJPEG" Parent="MsofbtBlip" Category="EscherRecords">
    <Summary />
    <ClientData />
    <IsAbstract>false</IsAbstract>
    <IsValueNode>false</IsValueNode>
    <HasChild>false</HasChild>
    <Members />
  </Element>
  <Element Name="MsofbtBlipBitmapPNG" Parent="MsofbtBlip" Category="EscherRecords">
    <Summary />
    <ClientData />
    <IsAbstract>false</IsAbstract>
    <IsValueNode>false</IsValueNode>
    <HasChild>false</HasChild>
    <Members />
  </Element>
  <Element Name="MsofbtBlipBitmapDIB" Parent="MsofbtBlip" Category="EscherRecords">
    <Summary />
    <ClientData />
    <IsAbstract>false</IsAbstract>
    <IsValueNode>false</IsValueNode>
    <HasChild>false</HasChild>
    <Members />
  </Element>
  <Element Name="MsofbtBlipEnd" Parent="MsofbtBlip" Category="EscherRecords">
    <Summary />
    <ClientData />
    <IsAbstract>false</IsAbstract>
    <IsValueNode>false</IsValueNode>
    <HasChild>false</HasChild>
    <Members />
  </Element>
</ArrayOfElement>